{
  "accuracy": [
    0.8136960864067078,
    0.8819887638092041,
    0.8904315233230591,
    0.8987804651260376,
    0.8986867070198059,
    0.9147279262542725,
    0.9140713214874268,
    0.9145403504371643,
    0.9142588973045349,
    0.9164165258407593,
    0.9169793725013733,
    0.9199812412261963,
    0.9180112481117249,
    0.9189493656158447,
    0.9209192991256714,
    0.8590994477272034,
    0.8894934058189392,
    0.900187611579895,
    0.9008442759513855,
    0.900750458240509
  ],
  "learning_rate": [
    0.0010000000474974513,
    0.0010000000474974513,
    0.0010000000474974513,
    0.0010000000474974513,
    0.0010000000474974513,
    0.00020000000949949026,
    0.00020000000949949026,
    0.00020000000949949026,
    0.00020000000949949026,
    0.00020000000949949026,
    0.00020000000949949026,
    0.00020000000949949026,
    4.0000002627493814e-05,
    4.0000002627493814e-05,
    8.000000889296643e-06,
    9.999999747378752e-06,
    9.999999747378752e-06,
    1.9999999949504854e-06,
    1.9999999949504854e-06,
    4.0000000467443897e-07
  ],
  "val_accuracy": [
    0.8937687873840332,
    0.9012762904167175,
    0.8997747898101807,
    0.9020270109176636,
    0.8990240097045898,
    0.9174174070358276,
    0.9181681871414185,
    0.9185435175895691,
    0.9106606841087341,
    0.9170420169830322,
    0.9140390157699585,
    0.9185435175895691,
    0.9125375151634216,
    0.9132882952690125,
    0.9132882952690125,
    0.9106606841087341,
    0.9132882952690125,
    0.9155405163764954,
    0.9140390157699585,
    0.9117867946624756
  ],
  "loss": [
    0.5248343348503113,
    0.2996567189693451,
    0.2774313688278198,
    0.25810420513153076,
    0.2558419406414032,
    0.21903184056282043,
    0.21461525559425354,
    0.21424949169158936,
    0.21221020817756653,
    0.21134422719478607,
    0.20548395812511444,
    0.20675303041934967,
    0.204751119017601,
    0.2029813528060913,
    0.1988995373249054,
    0.3735652267932892,
    0.28721195459365845,
    0.26214903593063354,
    0.2603425085544586,
    0.25514841079711914
  ],
  "val_loss": [
    0.2724244296550751,
    0.23971489071846008,
    0.23751230537891388,
    0.2396121323108673,
    0.2381540983915329,
    0.21454840898513794,
    0.20980988442897797,
    0.2054935246706009,
    0.21380040049552917,
    0.20259328186511993,
    0.2093675136566162,
    0.20277418196201324,
    0.2082599699497223,
    0.20655857026576996,
    0.2068760097026825,
    0.2217477262020111,
    0.21158164739608765,
    0.2083653211593628,
    0.21018452942371368,
    0.2118624895811081
  ]
}